run_id,seed,document_id,template_id,generation_index,line_index,source_key,line_role,amount_semantics,intentional_repeat,resolved_item_count,name,normalized_name,quantity,amount,amount_field,row_type,excluded_from_product_duplicate_audit,amount_missing_is_error,zero_amount_is_error,duplicate_name_count,duplicate_amount_count,duplicate_triple_count,same_receipt_normalized_name_count,historical_triple_count,triple_signature
reference_clean_audit_fixed_20260620_143526,34620260620,reference_clean_audit_fixed_20260620_143526_001_reference_style_shared_workspace_time_receipt,reference_style_shared_workspace_time_receipt,1,1,options,item,line_total,true,2,ドリンク追加,ドリンク追加,1,260,amount,,false,false,false,1,3,1,1,1,ドリンク追加|1|260
reference_clean_audit_fixed_20260620_143526,34620260620,reference_clean_audit_fixed_20260620_143526_001_reference_style_shared_workspace_time_receipt,reference_style_shared_workspace_time_receipt,1,2,usage,service,line_total,true,2,5時間集中パック,5時間集中パック,1,1980,base_fee,,false,false,false,1,1,1,1,1,5時間集中パック|1|1980
reference_clean_audit_fixed_20260620_143526,34620260620,reference_clean_audit_fixed_20260620_143526_002_reference_style_lifestyle_goods_long_receipt,reference_style_lifestyle_goods_long_receipt,2,1,items,item,line_total,true,13,発酵ぬか床ミニ,発酵ぬか床ミニ,1,680,amount,,false,false,false,1,2,1,1,2,発酵ぬか床ミニ|1|680
reference_clean_audit_fixed_20260620_143526,34620260620,reference_clean_audit_fixed_20260620_143526_002_reference_style_lifestyle_goods_long_receipt,reference_style_lifestyle_goods_long_receipt,2,2,items,item,line_total,true,13,国産野菜100%ジュース にんじん,国産野菜100%ジュースにんじん,1,120,amount,,false,false,false,1,4,1,1,2,国産野菜100%ジュースにんじん|1|120
reference_clean_audit_fixed_20260620_143526,34620260620,reference_clean_audit_fixed_20260620_143526_002_reference_style_lifestyle_goods_long_receipt,reference_style_lifestyle_goods_long_receipt,2,3,items,item,line_total,true,13,南高梅入りべっこう飴,南高梅入りべっこう飴,2,460,amount,,false,false,false,1,1,1,1,1,南高梅入りべっこう飴|2|460
reference_clean_audit_fixed_20260620_143526,34620260620,reference_clean_audit_fixed_20260620_143526_002_reference_style_lifestyle_goods_long_receipt,reference_style_lifestyle_goods_long_receipt,2,4,items,item,line_total,true,13,プチケーキ,プチケーキ,1,400,amount,,false,false,false,1,1,1,1,1,プチケーキ|1|400
reference_clean_audit_fixed_20260620_143526,34620260620,reference_clean_audit_fixed_20260620_143526_002_reference_style_lifestyle_goods_long_receipt,reference_style_lifestyle_goods_long_receipt,2,5,items,item,line_total,true,13,素材を生かした豆乳スープ,素材を生かした豆乳スープ,1,300,amount,,false,false,false,1,2,1,1,2,素材を生かした豆乳スープ|1|300
reference_clean_audit_fixed_20260620_143526,34620260620,reference_clean_audit_fixed_20260620_143526_002_reference_style_lifestyle_goods_long_receipt,reference_style_lifestyle_goods_long_receipt,2,6,items,item,line_total,true,13,ほたて貝柱と昆布のごはん,ほたて貝柱と昆布のごはん,2,980,amount,,false,false,false,1,2,1,1,1,ほたて貝柱と昆布のごはん|2|980
reference_clean_audit_fixed_20260620_143526,34620260620,reference_clean_audit_fixed_20260620_143526_002_reference_style_lifestyle_goods_long_receipt,reference_style_lifestyle_goods_long_receipt,2,7,items,item,line_total,true,13,果実入りゼリー りんご,果実入りゼリーりんご,1,160,amount,,false,false,false,1,1,1,1,2,果実入りゼリーりんご|1|160
reference_clean_audit_fixed_20260620_143526,34620260620,reference_clean_audit_fixed_20260620_143526_002_reference_style_lifestyle_goods_long_receipt,reference_style_lifestyle_goods_long_receipt,2,8,items,item,line_total,true,13,すけそうだらとぶりのソーセージ,すけそうだらとぶりのソーセージ,1,250,amount,,false,false,false,1,3,1,1,3,すけそうだらとぶりのソーセージ|1|250
reference_clean_audit_fixed_20260620_143526,34620260620,reference_clean_audit_fixed_20260620_143526_002_reference_style_lifestyle_goods_long_receipt,reference_style_lifestyle_goods_long_receipt,2,9,items,item,line_total,true,13,小さめバウム 塩キャラメル,小さめバウム塩キャラメル,2,340,amount,,false,false,false,1,1,1,1,2,小さめバウム塩キャラメル|2|340
reference_clean_audit_fixed_20260620_143526,34620260620,reference_clean_audit_fixed_20260620_143526_002_reference_style_lifestyle_goods_long_receipt,reference_style_lifestyle_goods_long_receipt,2,10,items,item,line_total,true,13,てんさい糖ビスケット,てんさい糖ビスケット,1,140,amount,,false,false,false,1,4,1,1,1,てんさい糖ビスケット|1|140
reference_clean_audit_fixed_20260620_143526,34620260620,reference_clean_audit_fixed_20260620_143526_002_reference_style_lifestyle_goods_long_receipt,reference_style_lifestyle_goods_long_receipt,2,11,items,item,line_total,true,13,ハンバーグのデミグラスソースカレー,ハンバーグのデミグラスソースカレー,1,490,amount,,false,false,false,1,1,1,1,2,ハンバーグのデミグラスソースカレー|1|490
reference_clean_audit_fixed_20260620_143526,34620260620,reference_clean_audit_fixed_20260620_143526_002_reference_style_lifestyle_goods_long_receipt,reference_style_lifestyle_goods_long_receipt,2,12,items,item,line_total,true,13,手づくり鍋の素 養生鍋,手づくり鍋の素養生鍋,2,680,amount,,false,false,false,1,2,1,1,1,手づくり鍋の素養生鍋|2|680
reference_clean_audit_fixed_20260620_143526,34620260620,reference_clean_audit_fixed_20260620_143526_002_reference_style_lifestyle_goods_long_receipt,reference_style_lifestyle_goods_long_receipt,2,13,items,item,line_total,true,13,ノンカフェイン黒豆茶,ノンカフェイン黒豆茶,1,110,amount,,false,false,false,1,4,1,1,1,ノンカフェイン黒豆茶|1|110
reference_clean_audit_fixed_20260620_143526,34620260620,reference_clean_audit_fixed_20260620_143526_003_reference_style_cafe_campaign_code_receipt,reference_style_cafe_campaign_code_receipt,3,1,items,item,line_total,true,,M サンドセット,Mサンドセット,1,760,line_amount,,false,false,false,1,1,1,1,3,Mサンドセット|1|760
reference_clean_audit_fixed_20260620_143526,34620260620,reference_clean_audit_fixed_20260620_143526_003_reference_style_cafe_campaign_code_receipt,reference_style_cafe_campaign_code_receipt,3,2,items,set_component,included_in_set,true,,M アイスラテ,Mアイスラテ,1,0,line_amount,,true,false,false,0,0,0,0,0,Mアイスラテ|1|0
reference_clean_audit_fixed_20260620_143526,34620260620,reference_clean_audit_fixed_20260620_143526_003_reference_style_cafe_campaign_code_receipt,reference_style_cafe_campaign_code_receipt,3,3,items,set_component,included_in_set,true,,あずきのタルト,あずきのタルト,1,0,line_amount,,true,false,false,0,0,0,0,0,あずきのタルト|1|0
reference_clean_audit_fixed_20260620_143526,34620260620,reference_clean_audit_fixed_20260620_143526_004_reference_style_airport_credit_pair_receipt,reference_style_airport_credit_pair_receipt,4,1,items,item,line_total,true,2,搭乗前サンド,搭乗前サンド,1,670,amount,,false,false,false,1,1,1,1,1,搭乗前サンド|1|670
reference_clean_audit_fixed_20260620_143526,34620260620,reference_clean_audit_fixed_20260620_143526_004_reference_style_airport_credit_pair_receipt,reference_style_airport_credit_pair_receipt,4,2,items,item,line_total,true,2,変更あさり汁,変更あさり汁,1,140,amount,,false,false,false,1,4,1,1,2,変更あさり汁|1|140
reference_clean_audit_fixed_20260620_143526,34620260620,reference_clean_audit_fixed_20260620_143526_005_reference_style_family_restaurant_long_item_receipt,reference_style_family_restaurant_long_item_receipt,5,1,items,item,line_total,true,16,若鶏の香味グリル,若鶏の香味グリル,1,850,amount,,false,false,false,1,1,1,1,1,若鶏の香味グリル|1|850
reference_clean_audit_fixed_20260620_143526,34620260620,reference_clean_audit_fixed_20260620_143526_005_reference_style_family_restaurant_long_item_receipt,reference_style_family_restaurant_long_item_receipt,5,2,items,item,line_total,true,16,白ぶどうグラス,白ぶどうグラス,1,380,amount,,false,false,false,1,2,1,1,1,白ぶどうグラス|1|380
reference_clean_audit_fixed_20260620_143526,34620260620,reference_clean_audit_fixed_20260620_143526_005_reference_style_family_restaurant_long_item_receipt,reference_style_family_restaurant_long_item_receipt,5,3,items,item,line_total,true,16,フォカッチャ,フォカッチャ,1,180,amount,,false,false,false,1,2,1,1,1,フォカッチャ|1|180
reference_clean_audit_fixed_20260620_143526,34620260620,reference_clean_audit_fixed_20260620_143526_005_reference_style_family_restaurant_long_item_receipt,reference_style_family_restaurant_long_item_receipt,5,4,items,item,line_total,true,16,ガーリックトースト,ガーリックトースト,2,480,amount,,false,false,false,1,2,1,1,1,ガーリックトースト|2|480
reference_clean_audit_fixed_20260620_143526,34620260620,reference_clean_audit_fixed_20260620_143526_005_reference_style_family_restaurant_long_item_receipt,reference_style_family_restaurant_long_item_receipt,5,5,items,item,line_total,true,16,コーヒーゼリー＆ミルクジェラート,コーヒーゼリー&ミルクジェラート,1,330,amount,,false,false,false,1,1,1,1,1,コーヒーゼリー&ミルクジェラート|1|330
reference_clean_audit_fixed_20260620_143526,34620260620,reference_clean_audit_fixed_20260620_143526_005_reference_style_family_restaurant_long_item_receipt,reference_style_family_restaurant_long_item_receipt,5,6,items,item,line_total,true,16,季節野菜のソテー,季節野菜のソテー,1,450,amount,,false,false,false,1,1,1,1,1,季節野菜のソテー|1|450
reference_clean_audit_fixed_20260620_143526,34620260620,reference_clean_audit_fixed_20260620_143526_005_reference_style_family_restaurant_long_item_receipt,reference_style_family_restaurant_long_item_receipt,5,7,items,item,line_total,true,16,柔らか青豆の温サラダ,柔らか青豆の温サラダ,1,390,amount,,false,false,false,1,1,1,1,1,柔らか青豆の温サラダ|1|390
reference_clean_audit_fixed_20260620_143526,34620260620,reference_clean_audit_fixed_20260620_143526_005_reference_style_family_restaurant_long_item_receipt,reference_style_family_restaurant_long_item_receipt,5,8,items,item,line_total,true,16,チーズ盛り小皿,チーズ盛り小皿,1,600,amount,,false,false,false,1,1,1,1,1,チーズ盛り小皿|1|600
reference_clean_audit_fixed_20260620_143526,34620260620,reference_clean_audit_fixed_20260620_143526_005_reference_style_family_restaurant_long_item_receipt,reference_style_family_restaurant_long_item_receipt,5,9,items,item,line_total,true,16,赤ぶどうグラス,赤ぶどうグラス,1,540,amount,,false,false,false,1,3,1,1,1,赤ぶどうグラス|1|540
reference_clean_audit_fixed_20260620_143526,34620260620,reference_clean_audit_fixed_20260620_143526_005_reference_style_family_restaurant_long_item_receipt,reference_style_family_restaurant_long_item_receipt,5,10,items,item,line_total,true,16,ティラミス風ケーキ,ティラミス風ケーキ,1,320,amount,,false,false,false,1,1,1,1,1,ティラミス風ケーキ|1|320
reference_clean_audit_fixed_20260620_143526,34620260620,reference_clean_audit_fixed_20260620_143526_005_reference_style_family_restaurant_long_item_receipt,reference_style_family_restaurant_long_item_receipt,5,11,items,item,line_total,true,16,温野菜プレート,温野菜プレート,1,510,amount,,false,false,false,1,1,1,1,1,温野菜プレート|1|510
reference_clean_audit_fixed_20260620_143526,34620260620,reference_clean_audit_fixed_20260620_143526_005_reference_style_family_restaurant_long_item_receipt,reference_style_family_restaurant_long_item_receipt,5,12,items,item,line_total,true,16,白身魚のオーブン焼き,白身魚のオーブン焼き,1,900,amount,,false,false,false,1,2,1,1,1,白身魚のオーブン焼き|1|900
reference_clean_audit_fixed_20260620_143526,34620260620,reference_clean_audit_fixed_20260620_143526_005_reference_style_family_restaurant_long_item_receipt,reference_style_family_restaurant_long_item_receipt,5,13,items,item,line_total,true,16,セットドリンクバー,セットドリンクバー,3,540,amount,,false,false,false,1,3,1,1,1,セットドリンクバー|3|540
reference_clean_audit_fixed_20260620_143526,34620260620,reference_clean_audit_fixed_20260620_143526_005_reference_style_family_restaurant_long_item_receipt,reference_style_family_restaurant_long_item_receipt,5,14,items,item,line_total,true,16,シェフの小皿,シェフの小皿,1,410,amount,,false,false,false,1,1,1,1,1,シェフの小皿|1|410
reference_clean_audit_fixed_20260620_143526,34620260620,reference_clean_audit_fixed_20260620_143526_005_reference_style_family_restaurant_long_item_receipt,reference_style_family_restaurant_long_item_receipt,5,15,items,item,line_total,true,16,海老と香草のサラダ,海老と香草のサラダ,1,370,amount,,false,false,false,1,1,1,1,1,海老と香草のサラダ|1|370
reference_clean_audit_fixed_20260620_143526,34620260620,reference_clean_audit_fixed_20260620_143526_005_reference_style_family_restaurant_long_item_receipt,reference_style_family_restaurant_long_item_receipt,5,16,items,item,line_total,true,16,ミートソーススパゲティ,ミートソーススパゲティ,2,1180,amount,,false,false,false,1,1,1,1,1,ミートソーススパゲティ|2|1180
reference_clean_audit_fixed_20260620_143526,34620260620,reference_clean_audit_fixed_20260620_143526_006_reference_style_monthly_supermarket_bulk_receipt,reference_style_monthly_supermarket_bulk_receipt,6,1,items,item,line_total,true,,BPクリームチーズ,BPクリームチーズ,1,250,amount,,false,false,false,1,3,1,1,1,BPクリームチーズ|1|250
reference_clean_audit_fixed_20260620_143526,34620260620,reference_clean_audit_fixed_20260620_143526_006_reference_style_monthly_supermarket_bulk_receipt,reference_style_monthly_supermarket_bulk_receipt,6,2,items,item,line_total,true,,チョコ効果パウチ,チョコ効果パウチ,1,250,amount,,false,false,false,1,3,1,1,1,チョコ効果パウチ|1|250
reference_clean_audit_fixed_20260620_143526,34620260620,reference_clean_audit_fixed_20260620_143526_006_reference_style_monthly_supermarket_bulk_receipt,reference_style_monthly_supermarket_bulk_receipt,6,3,items,item,line_total,true,,米久 串つきフランク,米久串つきフランク,2,660,amount,,false,false,false,1,1,1,1,1,米久串つきフランク|2|660
reference_clean_audit_fixed_20260620_143526,34620260620,reference_clean_audit_fixed_20260620_143526_006_reference_style_monthly_supermarket_bulk_receipt,reference_style_monthly_supermarket_bulk_receipt,6,4,items,item,line_total,true,,大陸肉ワンタン,大陸肉ワンタン,2,280,amount,,false,false,false,1,3,1,1,1,大陸肉ワンタン|2|280
reference_clean_audit_fixed_20260620_143526,34620260620,reference_clean_audit_fixed_20260620_143526_006_reference_style_monthly_supermarket_bulk_receipt,reference_style_monthly_supermarket_bulk_receipt,6,5,items,item,line_total,true,,富士の恵み 木綿,富士の恵み木綿,1,70,amount,,false,false,false,1,2,1,1,1,富士の恵み木綿|1|70
reference_clean_audit_fixed_20260620_143526,34620260620,reference_clean_audit_fixed_20260620_143526_006_reference_style_monthly_supermarket_bulk_receipt,reference_style_monthly_supermarket_bulk_receipt,6,6,items,item,line_total,true,,野菜,野菜,1,140,amount,,false,false,false,1,4,1,1,1,野菜|1|140
reference_clean_audit_fixed_20260620_143526,34620260620,reference_clean_audit_fixed_20260620_143526_006_reference_style_monthly_supermarket_bulk_receipt,reference_style_monthly_supermarket_bulk_receipt,6,7,items,item,line_total,true,,豚肉しゃぶしゃぶ用,豚肉しゃぶしゃぶ用,1,980,amount,,false,false,false,1,2,1,1,1,豚肉しゃぶしゃぶ用|1|980
reference_clean_audit_fixed_20260620_143526,34620260620,reference_clean_audit_fixed_20260620_143526_006_reference_style_monthly_supermarket_bulk_receipt,reference_style_monthly_supermarket_bulk_receipt,6,8,items,item,line_total,true,,金のつぶ とろっ豆,金のつぶとろっ豆,1,100,amount,,false,false,false,1,2,1,1,1,金のつぶとろっ豆|1|100
reference_clean_audit_fixed_20260620_143526,34620260620,reference_clean_audit_fixed_20260620_143526_006_reference_style_monthly_supermarket_bulk_receipt,reference_style_monthly_supermarket_bulk_receipt,6,9,items,item,line_total,true,,塩昆布,塩昆布,1,110,amount,,false,false,false,1,4,1,1,1,塩昆布|1|110
reference_clean_audit_fixed_20260620_143526,34620260620,reference_clean_audit_fixed_20260620_143526_006_reference_style_monthly_supermarket_bulk_receipt,reference_style_monthly_supermarket_bulk_receipt,6,10,items,item,line_total,true,,明治エッセルクッキー,明治エッセルクッキー,2,200,amount,,false,false,false,1,1,1,1,1,明治エッセルクッキー|2|200
reference_clean_audit_fixed_20260620_143526,34620260620,reference_clean_audit_fixed_20260620_143526_006_reference_style_monthly_supermarket_bulk_receipt,reference_style_monthly_supermarket_bulk_receipt,6,11,items,item,line_total,true,,ジャガリコバター,ジャガリコバター,1,150,amount,,false,false,false,1,3,1,1,1,ジャガリコバター|1|150
reference_clean_audit_fixed_20260620_143526,34620260620,reference_clean_audit_fixed_20260620_143526_006_reference_style_monthly_supermarket_bulk_receipt,reference_style_monthly_supermarket_bulk_receipt,6,12,items,item,line_total,true,,Smile マイルド,Smileマイルド,1,120,amount,,false,false,false,1,4,1,1,1,Smileマイルド|1|120
reference_clean_audit_fixed_20260620_143526,34620260620,reference_clean_audit_fixed_20260620_143526_006_reference_style_monthly_supermarket_bulk_receipt,reference_style_monthly_supermarket_bulk_receipt,6,13,items,item,line_total,true,,キャベツ,キャベツ,1,90,amount,,false,false,false,1,5,1,1,1,キャベツ|1|90
reference_clean_audit_fixed_20260620_143526,34620260620,reference_clean_audit_fixed_20260620_143526_006_reference_style_monthly_supermarket_bulk_receipt,reference_style_monthly_supermarket_bulk_receipt,6,14,items,item,line_total,true,,いわし蒲焼,いわし蒲焼,1,150,amount,,false,false,false,1,3,1,1,1,いわし蒲焼|1|150
reference_clean_audit_fixed_20260620_143526,34620260620,reference_clean_audit_fixed_20260620_143526_006_reference_style_monthly_supermarket_bulk_receipt,reference_style_monthly_supermarket_bulk_receipt,6,15,items,item,line_total,true,,金のつぶ 海苔たれ,金のつぶ海苔たれ,1,120,amount,,false,false,false,1,4,1,1,2,金のつぶ海苔たれ|1|120
reference_clean_audit_fixed_20260620_143526,34620260620,reference_clean_audit_fixed_20260620_143526_006_reference_style_monthly_supermarket_bulk_receipt,reference_style_monthly_supermarket_bulk_receipt,6,16,items,item,line_total,true,,TVBP 生ハム,TVBP生ハム,1,170,amount,,false,false,false,1,2,1,1,1,TVBP生ハム|1|170
reference_clean_audit_fixed_20260620_143526,34620260620,reference_clean_audit_fixed_20260620_143526_006_reference_style_monthly_supermarket_bulk_receipt,reference_style_monthly_supermarket_bulk_receipt,6,17,items,item,line_total,true,,ツナマヨおにぎり,ツナマヨおにぎり,1,140,amount,,false,false,false,1,4,1,1,2,ツナマヨおにぎり|1|140
reference_clean_audit_fixed_20260620_143526,34620260620,reference_clean_audit_fixed_20260620_143526_006_reference_style_monthly_supermarket_bulk_receipt,reference_style_monthly_supermarket_bulk_receipt,6,18,items,item,line_total,true,,ジャガリコサラダ,ジャガリコサラダ,1,130,amount,,false,false,false,1,2,1,1,1,ジャガリコサラダ|1|130
reference_clean_audit_fixed_20260620_143526,34620260620,reference_clean_audit_fixed_20260620_143526_006_reference_style_monthly_supermarket_bulk_receipt,reference_style_monthly_supermarket_bulk_receipt,6,19,items,item,line_total,true,,ミックスサラダ,ミックスサラダ,2,260,amount,,false,false,false,1,3,1,1,1,ミックスサラダ|2|260
reference_clean_audit_fixed_20260620_143526,34620260620,reference_clean_audit_fixed_20260620_143526_006_reference_style_monthly_supermarket_bulk_receipt,reference_style_monthly_supermarket_bulk_receipt,6,20,items,item,line_total,true,,早ゆでフィジリ,早ゆでフィジリ,1,70,amount,,false,false,false,1,2,1,1,2,早ゆでフィジリ|1|70
reference_clean_audit_fixed_20260620_143526,34620260620,reference_clean_audit_fixed_20260620_143526_006_reference_style_monthly_supermarket_bulk_receipt,reference_style_monthly_supermarket_bulk_receipt,6,21,items,item,line_total,true,,納豆3P,納豆3P,1,110,amount,,false,false,false,1,4,1,1,1,納豆3P|1|110
reference_clean_audit_fixed_20260620_143526,34620260620,reference_clean_audit_fixed_20260620_143526_006_reference_style_monthly_supermarket_bulk_receipt,reference_style_monthly_supermarket_bulk_receipt,6,22,items,item,line_total,true,,CBアップルティー,CBアップルティー,1,80,amount,,false,false,false,1,2,1,1,1,CBアップルティー|1|80
reference_clean_audit_fixed_20260620_143526,34620260620,reference_clean_audit_fixed_20260620_143526_006_reference_style_monthly_supermarket_bulk_receipt,reference_style_monthly_supermarket_bulk_receipt,6,23,items,item,line_total,true,,バナナ袋,バナナ袋,1,170,amount,,false,false,false,1,2,1,1,1,バナナ袋|1|170
reference_clean_audit_fixed_20260620_143526,34620260620,reference_clean_audit_fixed_20260620_143526_006_reference_style_monthly_supermarket_bulk_receipt,reference_style_monthly_supermarket_bulk_receipt,6,24,items,item,line_total,true,,きざみねぎ,きざみねぎ,1,90,amount,,false,false,false,1,5,1,1,1,きざみねぎ|1|90
reference_clean_audit_fixed_20260620_143526,34620260620,reference_clean_audit_fixed_20260620_143526_006_reference_style_monthly_supermarket_bulk_receipt,reference_style_monthly_supermarket_bulk_receipt,6,25,items,item,line_total,true,,さばみそ煮,さばみそ煮,1,130,amount,,false,false,false,1,2,1,1,1,さばみそ煮|1|130
reference_clean_audit_fixed_20260620_143526,34620260620,reference_clean_audit_fixed_20260620_143526_006_reference_style_monthly_supermarket_bulk_receipt,reference_style_monthly_supermarket_bulk_receipt,6,26,items,item,line_total,true,,チップスターSうなぎ,チップスターSうなぎ,1,80,amount,,false,false,false,1,2,1,1,1,チップスターSうなぎ|1|80
reference_clean_audit_fixed_20260620_143526,34620260620,reference_clean_audit_fixed_20260620_143526_006_reference_style_monthly_supermarket_bulk_receipt,reference_style_monthly_supermarket_bulk_receipt,6,27,items,item,line_total,true,,ミニノダイズシオアジ,ミニノダイズシオアジ,1,90,amount,,false,false,false,1,5,1,1,1,ミニノダイズシオアジ|1|90
reference_clean_audit_fixed_20260620_143526,34620260620,reference_clean_audit_fixed_20260620_143526_006_reference_style_monthly_supermarket_bulk_receipt,reference_style_monthly_supermarket_bulk_receipt,6,28,items,item,line_total,true,,まるごとイカ唐揚げ,まるごとイカ唐揚げ,1,280,amount,,false,false,false,1,3,1,1,2,まるごとイカ唐揚げ|1|280
reference_clean_audit_fixed_20260620_143526,34620260620,reference_clean_audit_fixed_20260620_143526_006_reference_style_monthly_supermarket_bulk_receipt,reference_style_monthly_supermarket_bulk_receipt,6,29,items,item,line_total,true,,たまご10個,たまご10個,1,240,amount,,false,false,false,1,2,1,1,1,たまご10個|1|240
reference_clean_audit_fixed_20260620_143526,34620260620,reference_clean_audit_fixed_20260620_143526_006_reference_style_monthly_supermarket_bulk_receipt,reference_style_monthly_supermarket_bulk_receipt,6,30,items,item,line_total,true,,明治エッセルチョコ,明治エッセルチョコ,1,100,amount,,false,false,false,1,2,1,1,1,明治エッセルチョコ|1|100
reference_clean_audit_fixed_20260620_143526,34620260620,reference_clean_audit_fixed_20260620_143526_006_reference_style_monthly_supermarket_bulk_receipt,reference_style_monthly_supermarket_bulk_receipt,6,31,items,item,line_total,true,,骨なしチキンとフランク,骨なしチキンとフランク,1,550,amount,,false,false,false,1,1,1,1,1,骨なしチキンとフランク|1|550
reference_clean_audit_fixed_20260620_143526,34620260620,reference_clean_audit_fixed_20260620_143526_006_reference_style_monthly_supermarket_bulk_receipt,reference_style_monthly_supermarket_bulk_receipt,6,32,items,item,line_total,true,,オーガニック磯のり塩,オーガニック磯のり塩,1,110,amount,,false,false,false,1,4,1,1,2,オーガニック磯のり塩|1|110
reference_clean_audit_fixed_20260620_143526,34620260620,reference_clean_audit_fixed_20260620_143526_006_reference_style_monthly_supermarket_bulk_receipt,reference_style_monthly_supermarket_bulk_receipt,6,33,items,item,line_total,true,,千切キャベツ スーパー,千切キャベツスーパー,1,230,amount,,false,false,false,1,3,1,1,1,千切キャベツスーパー|1|230
reference_clean_audit_fixed_20260620_143526,34620260620,reference_clean_audit_fixed_20260620_143526_006_reference_style_monthly_supermarket_bulk_receipt,reference_style_monthly_supermarket_bulk_receipt,6,34,items,item,line_total,true,,冷凍うどん5食,冷凍うどん5食,1,230,amount,,false,false,false,1,3,1,1,1,冷凍うどん5食|1|230
reference_clean_audit_fixed_20260620_143526,34620260620,reference_clean_audit_fixed_20260620_143526_006_reference_style_monthly_supermarket_bulk_receipt,reference_style_monthly_supermarket_bulk_receipt,6,35,items,item,line_total,true,,トマトケチャップ,トマトケチャップ,1,190,amount,,false,false,false,1,1,1,1,1,トマトケチャップ|1|190
reference_clean_audit_fixed_20260620_143526,34620260620,reference_clean_audit_fixed_20260620_143526_006_reference_style_monthly_supermarket_bulk_receipt,reference_style_monthly_supermarket_bulk_receipt,6,36,items,item,line_total,true,,丸永おいももなか,丸永おいももなか,1,90,amount,,false,false,false,1,5,1,1,2,丸永おいももなか|1|90
reference_clean_audit_fixed_20260620_143526,34620260620,reference_clean_audit_fixed_20260620_143526_006_reference_style_monthly_supermarket_bulk_receipt,reference_style_monthly_supermarket_bulk_receipt,6,37,items,item,line_total,true,,牛角にんにく塩ドレ,牛角にんにく塩ドレ,1,180,amount,,false,false,false,1,2,1,1,1,牛角にんにく塩ドレ|1|180
reference_clean_audit_fixed_20260620_143526,34620260620,reference_clean_audit_fixed_20260620_143526_006_reference_style_monthly_supermarket_bulk_receipt,reference_style_monthly_supermarket_bulk_receipt,6,38,items,item,line_total,true,,かぼちゃ1/4カット,かぼちゃ1/4カット,1,150,amount,,false,false,false,1,3,1,1,1,かぼちゃ1/4カット|1|150
reference_clean_audit_fixed_20260620_143526,34620260620,reference_clean_audit_fixed_20260620_143526_006_reference_style_monthly_supermarket_bulk_receipt,reference_style_monthly_supermarket_bulk_receipt,6,39,items,item,line_total,true,,ハッシュドポテト,ハッシュドポテト,1,230,amount,,false,false,false,1,3,1,1,1,ハッシュドポテト|1|230
reference_clean_audit_fixed_20260620_143526,34620260620,reference_clean_audit_fixed_20260620_143526_006_reference_style_monthly_supermarket_bulk_receipt,reference_style_monthly_supermarket_bulk_receipt,6,40,items,item,line_total,true,,カットレタス,カットレタス,1,120,amount,,false,false,false,1,4,1,1,1,カットレタス|1|120
reference_clean_audit_fixed_20260620_143526,34620260620,reference_clean_audit_fixed_20260620_143526_007_reference_style_conveyor_sushi_coupon_receipt,reference_style_conveyor_sushi_coupon_receipt,7,1,plate_rows,item,line_total,true,55,100円皿,100円皿,52,5200,amount,,false,false,false,1,1,1,1,1,100円皿|52|5200
reference_clean_audit_fixed_20260620_143526,34620260620,reference_clean_audit_fixed_20260620_143526_007_reference_style_conveyor_sushi_coupon_receipt,reference_style_conveyor_sushi_coupon_receipt,7,2,plate_rows,item,line_total,true,55,220円茶碗蒸し,220円茶碗蒸し,1,220,amount,,false,false,false,1,1,1,1,1,220円茶碗蒸し|1|220
reference_clean_audit_fixed_20260620_143526,34620260620,reference_clean_audit_fixed_20260620_143526_007_reference_style_conveyor_sushi_coupon_receipt,reference_style_conveyor_sushi_coupon_receipt,7,3,plate_rows,item,line_total,true,55,280円うどん,280円うどん,1,280,amount,,false,false,false,1,3,1,1,1,280円うどん|1|280
reference_clean_audit_fixed_20260620_143526,34620260620,reference_clean_audit_fixed_20260620_143526_007_reference_style_conveyor_sushi_coupon_receipt,reference_style_conveyor_sushi_coupon_receipt,7,4,plate_rows,item,line_total,true,55,480円盛合せ,480円盛合せ,1,480,amount,,false,false,false,1,2,1,1,1,480円盛合せ|1|480
reference_clean_audit_fixed_20260620_143526,34620260620,reference_clean_audit_fixed_20260620_143526_008_reference_style_karaoke_room_order_receipt,reference_style_karaoke_room_order_receipt,8,1,order_items,item,line_total,true,6,アイスカフェオレ,アイスカフェオレ,1,440,amount,,false,false,false,1,2,1,1,1,アイスカフェオレ|1|440
reference_clean_audit_fixed_20260620_143526,34620260620,reference_clean_audit_fixed_20260620_143526_008_reference_style_karaoke_room_order_receipt,reference_style_karaoke_room_order_receipt,8,2,order_items,item,line_total,true,6,コカ・ソーダ,コカ・ソーダ,1,420,amount,,false,false,false,1,1,1,1,1,コカ・ソーダ|1|420
reference_clean_audit_fixed_20260620_143526,34620260620,reference_clean_audit_fixed_20260620_143526_008_reference_style_karaoke_room_order_receipt,reference_style_karaoke_room_order_receipt,8,3,order_items,item,line_total,true,6,からあげバスケット,からあげバスケット,1,740,amount,,false,false,false,1,1,1,1,1,からあげバスケット|1|740
reference_clean_audit_fixed_20260620_143526,34620260620,reference_clean_audit_fixed_20260620_143526_008_reference_style_karaoke_room_order_receipt,reference_style_karaoke_room_order_receipt,8,4,order_items,item,line_total,true,6,ミックスピザ,ミックスピザ,3,2580,amount,,false,false,false,1,1,1,1,1,ミックスピザ|3|2580
reference_clean_audit_fixed_20260620_143526,34620260620,reference_clean_audit_fixed_20260620_143526_008_reference_style_karaoke_room_order_receipt,reference_style_karaoke_room_order_receipt,8,5,order_items,item,line_total,true,6,チキンナゲット,チキンナゲット,1,640,amount,,false,false,false,1,1,1,1,1,チキンナゲット|1|640
reference_clean_audit_fixed_20260620_143526,34620260620,reference_clean_audit_fixed_20260620_143526_008_reference_style_karaoke_room_order_receipt,reference_style_karaoke_room_order_receipt,8,6,usage,service,line_total,true,6,昼フリータイム,昼フリータイム,3,2940,room_fee,,false,false,false,1,1,1,1,1,昼フリータイム|3|2940
reference_clean_audit_fixed_20260620_143526,34620260620,reference_clean_audit_fixed_20260620_143526_009_reference_style_service_exchange_qr_receipt,reference_style_service_exchange_qr_receipt,9,1,input_lines,item,line_total,true,3,交換券25円紙券,交換券25円紙券,1,25,amount,,false,false,false,1,1,1,1,1,交換券25円紙券|1|25
reference_clean_audit_fixed_20260620_143526,34620260620,reference_clean_audit_fixed_20260620_143526_009_reference_style_service_exchange_qr_receipt,reference_style_service_exchange_qr_receipt,9,2,payout_lines,item,line_total,true,3,62円郵送券・封筒,62円郵送券・封筒,3,186,amount,,false,false,false,1,1,1,1,1,62円郵送券・封筒|3|186
reference_clean_audit_fixed_20260620_143526,34620260620,reference_clean_audit_fixed_20260620_143526_009_reference_style_service_exchange_qr_receipt,reference_style_service_exchange_qr_receipt,9,3,payout_lines,item,line_total,true,3,5円差額券・ミニタグ,5円差額券・ミニタグ,4,20,amount,,false,false,false,1,1,1,1,1,5円差額券・ミニタグ|4|20
reference_clean_audit_fixed_20260620_143526,34620260620,reference_clean_audit_fixed_20260620_143526_010_reference_style_electronics_barcode_point_receipt,reference_style_electronics_barcode_point_receipt,10,1,items,item,line_total,true,2,ノートPCスタンド,ノートPCスタンド,1,2860,amount,,false,false,false,1,1,1,1,1,ノートPCスタンド|1|2860
reference_clean_audit_fixed_20260620_143526,34620260620,reference_clean_audit_fixed_20260620_143526_010_reference_style_electronics_barcode_point_receipt,reference_style_electronics_barcode_point_receipt,10,2,items,item,line_total,true,2,スマートフォン保護ガラス,スマートフォン保護ガラス,2,2760,amount,,false,false,false,1,1,1,1,1,スマートフォン保護ガラス|2|2760
reference_clean_audit_fixed_20260620_143526,34620260620,reference_clean_audit_fixed_20260620_143526_011_reference_style_parking_invoice_watermark_receipt,reference_style_parking_invoice_watermark_receipt,11,1,calculation.total,receipt_total_only,not_applicable,false,2,[receipt_total_only],[receipt_total_only],1,1100,amount,,true,false,false,0,0,0,0,0,[receipt_total_only]|1|1100
reference_clean_audit_fixed_20260620_143526,34620260620,reference_clean_audit_fixed_20260620_143526_012_reference_style_daily_bakery_paypay_receipt,reference_style_daily_bakery_paypay_receipt,12,1,items,item,line_total,true,3,食パン ハーフ,食パンハーフ,1,260,amount,,false,false,false,1,3,1,1,1,食パンハーフ|1|260
reference_clean_audit_fixed_20260620_143526,34620260620,reference_clean_audit_fixed_20260620_143526_012_reference_style_daily_bakery_paypay_receipt,reference_style_daily_bakery_paypay_receipt,12,2,items,item,line_total,true,3,塩バター食パン,塩バター食パン,1,380,amount,,false,false,false,1,2,1,1,1,塩バター食パン|1|380
reference_clean_audit_fixed_20260620_143526,34620260620,reference_clean_audit_fixed_20260620_143526_012_reference_style_daily_bakery_paypay_receipt,reference_style_daily_bakery_paypay_receipt,12,3,items,item,line_total,true,3,新) 福箱食パン入り,新)福箱食パン入り,1,650,amount,,false,false,false,1,1,1,1,1,新)福箱食パン入り|1|650
reference_clean_audit_fixed_20260620_143526,34620260620,reference_clean_audit_fixed_20260620_143526_013_reference_style_gas_station_fuel_tax_receipt,reference_style_gas_station_fuel_tax_receipt,13,1,fuel_line,service,line_total,true,1,ハイオクガソリン,ハイオクガソリン,1,4646,amount,,false,false,false,1,1,1,1,1,ハイオクガソリン|1|4646
reference_clean_audit_fixed_20260620_143526,34620260620,reference_clean_audit_fixed_20260620_143526_014_reference_style_taxi_short_receipt,reference_style_taxi_short_receipt,14,1,calculation.total,receipt_total_only,not_applicable,false,1,[receipt_total_only],[receipt_total_only],1,1200,amount,,true,false,false,0,0,0,0,0,[receipt_total_only]|1|1200
reference_clean_audit_fixed_20260620_143526,34620260620,reference_clean_audit_fixed_20260620_143526_015_reference_style_convenience_credit_coupon_receipt,reference_style_convenience_credit_coupon_receipt,15,1,items,item,line_total,true,,バイオスレンジ フクロ25ヒガシ,バイオスレンジフクロ25ヒガシ,1,3,line_amount,,false,false,false,1,1,1,1,3,バイオスレンジフクロ25ヒガシ|1|3
reference_clean_audit_fixed_20260620_143526,34620260620,reference_clean_audit_fixed_20260620_143526_015_reference_style_convenience_credit_coupon_receipt,reference_style_convenience_credit_coupon_receipt,15,2,items,item,line_total,true,,BIGデミグラスハンバーグ弁当,BIGデミグラスハンバーグ弁当,1,498,line_amount,,false,false,false,1,1,1,1,3,BIGデミグラスハンバーグ弁当|1|498
reference_clean_audit_fixed_20260620_143526,34620260620,reference_clean_audit_fixed_20260620_143526_016_reference_style_cinema_ticket_receipt,reference_style_cinema_ticket_receipt,16,1,tickets,service,line_total,true,2,学生特別料金,学生特別料金,2,2600,amount,,false,false,false,1,1,1,1,1,学生特別料金|2|2600
reference_clean_audit_fixed_20260620_143526,34620260620,reference_clean_audit_fixed_20260620_143526_017_reference_style_cafe_reward_receipt,reference_style_cafe_reward_receipt,17,1,items,item,line_total,true,,本日のドリップ　ショート,本日のドリップショート,1,900,line_amount,,false,false,false,1,2,1,1,3,本日のドリップショート|1|900
reference_clean_audit_fixed_20260620_143526,34620260620,reference_clean_audit_fixed_20260620_143526_018_reference_style_dry_cleaning_adjustment_receipt,reference_style_dry_cleaning_adjustment_receipt,18,1,service_items,discount,line_total,true,3,コート,コート,1,1620,price,,true,false,false,0,0,0,0,0,コート|1|1620
reference_clean_audit_fixed_20260620_143526,34620260620,reference_clean_audit_fixed_20260620_143526_018_reference_style_dry_cleaning_adjustment_receipt,reference_style_dry_cleaning_adjustment_receipt,18,2,service_items,discount,line_total,true,3,ネクタイ,ネクタイ,1,330,price,,true,false,false,0,0,0,0,0,ネクタイ|1|330
reference_clean_audit_fixed_20260620_143526,34620260620,reference_clean_audit_fixed_20260620_143526_018_reference_style_dry_cleaning_adjustment_receipt,reference_style_dry_cleaning_adjustment_receipt,18,3,service_items,discount,line_total,true,3,ブラウス,ブラウス,1,440,price,,true,false,false,0,0,0,0,0,ブラウス|1|440
reference_clean_audit_fixed_20260620_143526,34620260620,reference_clean_audit_fixed_20260620_143526_019_reference_style_drugstore_id_receipt,reference_style_drugstore_id_receipt,19,1,items,item,line_total,true,,108MKHケアミンC30,108MKHケアミンC30,1,90,line_amount,,false,false,false,1,5,1,1,3,108MKHケアミンC30|1|90
reference_clean_audit_fixed_20260620_143526,34620260620,reference_clean_audit_fixed_20260620_143526_020_reference_style_dark_phone_coupon_receipt,reference_style_dark_phone_coupon_receipt,20,1,items,item,line_total,true,,FF ふわチキン旨しお,FFふわチキン旨しお,1,248,line_amount,,false,false,false,1,2,1,1,3,FFふわチキン旨しお|1|248
reference_clean_audit_fixed_20260620_143526,34620260620,reference_clean_audit_fixed_20260620_143526_020_reference_style_dark_phone_coupon_receipt,reference_style_dark_phone_coupon_receipt,20,2,items,item,line_total,true,,からあげカップ レモン味,からあげカップレモン味,1,248,line_amount,,false,false,false,1,2,1,1,3,からあげカップレモン味|1|248
reference_clean_audit_fixed_20260620_143526,34620260620,reference_clean_audit_fixed_20260620_143526_020_reference_style_dark_phone_coupon_receipt,reference_style_dark_phone_coupon_receipt,20,3,items,item,line_total,true,,ホワイトウォーター500ML,ホワイトウォーター500ML,1,149,line_amount,,false,false,false,1,1,1,1,3,ホワイトウォーター500ML|1|149
reference_clean_audit_fixed_20260620_143526,34620260620,reference_clean_audit_fixed_20260620_143526_020_reference_style_dark_phone_coupon_receipt,reference_style_dark_phone_coupon_receipt,20,4,items,item,line_total,true,,カントリー 焼きカカオ185g,カントリー焼きカカオ185g,1,132,line_amount,,false,false,false,1,1,1,1,3,カントリー焼きカカオ185g|1|132
reference_clean_audit_fixed_20260620_143526,34620260620,reference_clean_audit_fixed_20260620_143526_021_reference_style_fast_food_pickup_number_receipt,reference_style_fast_food_pickup_number_receipt,21,1,items,set_parent,line_total,true,,こどもバーガーセット,こどもバーガーセット,1,540,amount,bundle_parent,false,false,false,1,3,1,1,1,こどもバーガーセット|1|540
reference_clean_audit_fixed_20260620_143526,34620260620,reference_clean_audit_fixed_20260620_143526_021_reference_style_fast_food_pickup_number_receipt,reference_style_fast_food_pickup_number_receipt,21,2,items,set_component,included_in_set,true,,チーズミニバーガー,チーズミニバーガー,1,0,amount,bundle_child,true,false,false,0,0,0,0,0,チーズミニバーガー|1|0
reference_clean_audit_fixed_20260620_143526,34620260620,reference_clean_audit_fixed_20260620_143526_021_reference_style_fast_food_pickup_number_receipt,reference_style_fast_food_pickup_number_receipt,21,3,items,set_component,included_in_set,true,,ポテトS,ポテトS,1,0,amount,bundle_child,true,false,false,0,0,0,0,0,ポテトS|1|0
reference_clean_audit_fixed_20260620_143526,34620260620,reference_clean_audit_fixed_20260620_143526_021_reference_style_fast_food_pickup_number_receipt,reference_style_fast_food_pickup_number_receipt,21,4,items,set_component,included_in_set,true,,アップルジュースS,アップルジュースS,1,0,amount,bundle_child,true,false,false,0,0,0,0,0,アップルジュースS|1|0
reference_clean_audit_fixed_20260620_143526,34620260620,reference_clean_audit_fixed_20260620_143526_021_reference_style_fast_food_pickup_number_receipt,reference_style_fast_food_pickup_number_receipt,21,5,items,set_component,included_in_set,true,,えほんクーポン,えほんクーポン,1,0,amount,bundle_child,true,false,false,0,0,0,0,0,えほんクーポン|1|0
reference_clean_audit_fixed_20260620_143526,34620260620,reference_clean_audit_fixed_20260620_143526_022_reference_style_coin_laundry_machine_receipt,reference_style_coin_laundry_machine_receipt,22,1,service_items,item,line_total,true,1,洗濯 7kg,洗濯7kg,1,300,amount,,false,false,false,1,2,1,1,1,洗濯7kg|1|300
reference_clean_audit_fixed_20260620_143526,34620260620,reference_clean_audit_fixed_20260620_143526_023_reference_style_home_center_point_receipt,reference_style_home_center_point_receipt,23,1,items,item,line_total,true,3,ステンレス小ねじ,ステンレス小ねじ,2,440,amount,,false,false,false,1,2,1,1,1,ステンレス小ねじ|2|440
reference_clean_audit_fixed_20260620_143526,34620260620,reference_clean_audit_fixed_20260620_143526_023_reference_style_home_center_point_receipt,reference_style_home_center_point_receipt,23,2,items,item,line_total,true,3,軍手 12双組,軍手12双組,1,770,amount,,false,false,false,1,1,1,1,1,軍手12双組|1|770
reference_clean_audit_fixed_20260620_143526,34620260620,reference_clean_audit_fixed_20260620_143526_023_reference_style_home_center_point_receipt,reference_style_home_center_point_receipt,23,3,items,item,line_total,true,3,グロウコンテナ,グロウコンテナ,1,240,amount,,false,false,false,1,2,1,1,1,グロウコンテナ|1|240
